"id";"provider_id";"date";"type"
137;2765;"01-28-2020";"Initial"
20;2642;"02-14-2018";"Initial"
493;2642;"07-03-2018";"Monitoring"
1042;2642;"02-19-2019";"Annual"
1517;2642;"07-22-2019";"Monitoring"
203;2030;"11-02-2017";"Renewal"
712;2030;"06-08-2018";"Monitoring"
836;2030;"11-06-2018";"Annual"
1399;2030;"06-05-2019";"Monitoring"
1873;2030;"12-26-2019";"Annual"
363;2508;"05-11-2018";"Annual"
1043;2508;"03-05-2019";"Monitoring"
1275;2508;"05-03-2019";"Annual"
1761;2508;"10-21-2019";"Monitoring"
963;2598;"06-22-2018";"Annual"
1017;2598;"02-26-2019";"Annual"
1471;2598;"07-10-2019";"Monitoring"
1913;2598;"01-21-2020";"Renewal"
512;1738;"04-17-2018";"Monitoring"
683;1738;"09-24-2018";"Annual"
1387;1738;"05-31-2019";"Monitoring"
1615;1738;"09-04-2019";"Annual"
2028;1738;"02-25-2020";"Monitoring"
617;1955;"09-11-2018";"Annual"
1232;1955;"04-25-2019";"Monitoring"
1713;1955;"09-24-2019";"Annual"
527;2235;"07-31-2018";"Monitoring"
829;2235;"11-02-2018";"Annual"
1440;2235;"06-25-2019";"Monitoring"
689;2626;"09-25-2018";"Annual"
1224;2626;"04-25-2019";"Monitoring"
1687;2626;"09-17-2019";"Annual"
103;1824;"11-17-2017";"Renewal"
614;1824;"09-11-2018";"Monitoring"
896;1824;"12-14-2018";"Annual"
1652;1824;"09-11-2019";"Monitoring"
1792;1824;"11-05-2019";"Annual"
50;2602;"04-05-2017";"Initial"
1071;2602;"02-08-2019";"Monitoring"
1396;2602;"05-31-2019";"Annual"
153;2299;"11-27-2017";"Renewal"
830;2299;"11-02-2018";"Annual"
1261;2299;"04-30-2019";"Monitoring"
1833;2299;"11-25-2019";"Annual"
570;2319;"08-16-2018";"Monitoring"
827;2319;"10-30-2018";"Annual"
1388;2319;"05-22-2019";"Monitoring"
1776;2319;"10-22-2019";"Annual"
160;2296;"12-01-2017";"Renewal"
694;2296;"08-14-2018";"Monitoring"
1065;2296;"03-08-2019";"Annual"
1529;2296;"07-30-2019";"Monitoring"
1930;2296;"01-24-2020";"Annual"
698;1942;"09-26-2018";"Annual"
1104;1942;"03-21-2019";"Monitoring"
1496;1942;"07-18-2019";"Annual"
109;2741;"07-24-2019";"Initial"
95;2724;"05-22-2019";"Initial"
105;2725;"06-18-2019";"Initial"
117;2743;"07-29-2019";"Initial"
414;2570;"06-29-2018";"Annual"
1356;2570;"05-21-2019";"Monitoring"
1477;2570;"07-12-2019";"Annual"
1943;2570;"01-29-2020";"Monitoring"
487;1938;"05-17-2018";"Monitoring"
695;1938;"09-26-2018";"Annual"
1121;1938;"03-25-2019";"Monitoring"
1666;1938;"09-13-2019";"Annual"
317;1724;"04-12-2018";"Annual"
588;1724;"08-31-2018";"Monitoring"
1285;1724;"05-07-2019";"Annual"
1734;1724;"10-03-2019";"Monitoring"
499;2549;"05-31-2018";"Monitoring"
969;2549;"12-03-2018";"Annual"
1185;2549;"04-09-2019";"Monitoring"
621;2416;"09-13-2018";"Monitoring"
971;2416;"12-20-2018";"Annual"
1424;2416;"06-11-2019";"Monitoring"
10;2625;"10-19-2017";"Initial"
408;2625;"05-09-2018";"Monitoring"
874;2625;"12-04-2018";"Annual"
1220;2625;"04-19-2019";"Monitoring"
1806;2625;"11-12-2019";"Annual"
360;2604;"04-05-2018";"Renewal"
964;2604;"01-03-2019";"Monitoring"
1177;2604;"04-05-2019";"Annual"
1814;2604;"11-15-2019";"Monitoring"
543;2331;"08-09-2018";"Annual"
1158;2331;"03-29-2019";"Annual"
1726;2331;"09-26-2019";"Monitoring"
1988;2331;"02-11-2020";"Renewal"
233;2089;"12-15-2017";"Renewal"
704;2089;"09-27-2018";"Monitoring"
1383;2089;"05-31-2019";"Monitoring"
245;2088;"12-08-2017";"Renewal"
602;2088;"09-07-2018";"Monitoring"
1007;2088;"02-25-2019";"Annual"
1683;2088;"09-16-2019";"Monitoring"
71;2693;"10-16-2018";"Initial"
1391;2693;"05-22-2019";"Monitoring"
1812;2693;"11-15-2019";"Annual"
517;1958;"05-08-2018";"Monitoring"
656;1958;"09-18-2018";"Annual"
1125;1958;"03-25-2019";"Monitoring"
1707;1958;"09-23-2019";"Annual"
85;2705;"03-28-2019";"Initial"
1820;2705;"11-12-2019";"Monitoring"
807;1761;"05-09-2018";"Annual"
907;1761;"12-17-2018";"Monitoring"
1478;1761;"06-11-2019";"Annual"
1959;1761;"01-29-2020";"Monitoring"
498;2247;"04-30-2018";"Monitoring"
996;2247;"11-29-2018";"Annual"
1455;2247;"07-02-2019";"Monitoring"
504;2292;"05-24-2018";"Annual"
944;2292;"01-11-2019";"Monitoring"
1412;2292;"06-07-2019";"Annual"
260;2004;"01-25-2018";"Renewal"
798;2004;"08-09-2018";"Monitoring"
1000;2004;"02-19-2019";"Annual"
1528;2004;"07-30-2019";"Monitoring"
1950;2004;"01-30-2020";"Annual"
378;1837;"05-21-2018";"Monitoring"
803;1837;"10-25-2018";"Annual"
1199;1837;"04-12-2019";"Monitoring"
1757;1837;"10-17-2019";"Annual"
22;2633;"12-01-2017";"Initial"
948;2633;"12-21-2018";"Monitoring"
1256;2633;"04-25-2019";"Annual"
519;2179;"02-02-2018";"Monitoring"
736;2179;"09-28-2018";"Annual"
1323;2179;"05-15-2019";"Annual"
1724;2179;"09-27-2019";"Monitoring"
28;2658;"04-02-2018";"Initial"
1029;2658;"02-28-2019";"Monitoring"
1205;2658;"04-18-2019";"Annual"
1748;2658;"10-10-2019";"Monitoring"
156;2783;"09-03-2020";"Initial"
120;2747;"08-22-2019";"Initial"
1935;2747;"01-27-2020";"Monitoring"
164;2571;"10-05-2017";"Renewal"
578;2571;"08-16-2018";"Monitoring"
850;2571;"11-19-2018";"Annual"
1485;2571;"07-16-2019";"Monitoring"
1821;2571;"11-20-2019";"Annual"
636;2259;"03-09-2018";"Annual"
638;2259;"09-07-2018";"Monitoring"
1119;2259;"03-25-2019";"Annual"
1617;2259;"09-05-2019";"Monitoring"
1892;2259;"01-10-2020";"Renewal"
219;2205;"01-23-2018";"Renewal"
624;2205;"09-14-2018";"Monitoring"
1160;2205;"03-08-2019";"Annual"
1622;2205;"09-05-2019";"Monitoring"
664;2000;"09-20-2018";"Annual"
1133;2000;"03-27-2019";"Monitoring"
1696;2000;"09-19-2019";"Annual"
1889;2000;"01-09-2020";"Renewal"
1090;2377;"03-15-2019";"Annual"
1654;2377;"09-11-2019";"Monitoring"
1994;2377;"02-12-2020";"Monitoring"
199;1741;"10-16-2017";"Renewal"
321;1741;"04-13-2018";"Monitoring"
977;1741;"02-05-2019";"Annual"
1644;1741;"09-09-2019";"Monitoring"
1861;1741;"12-13-2019";"Annual"
76;1932;"09-12-2017";"Renewal"
508;1932;"05-11-2018";"Monitoring"
662;1932;"09-20-2018";"Annual"
1255;1932;"04-30-2019";"Monitoring"
1629;1932;"09-06-2019";"Annual"
197;1961;"12-04-2017";"Renewal"
599;1961;"06-20-2018";"Monitoring"
1106;1961;"03-13-2019";"Annual"
1499;1961;"07-19-2019";"Monitoring"
1952;1961;"01-23-2020";"Annual"
205;1926;"12-04-2017";"Renewal"
598;1926;"06-20-2018";"Monitoring"
1082;1926;"03-13-2019";"Annual"
1495;1926;"07-19-2019";"Monitoring"
1951;1926;"01-23-2020";"Annual"
340;2180;"02-02-2018";"Annual"
680;2180;"09-24-2018";"Monitoring"
1014;2180;"02-26-2019";"Annual"
1572;2180;"08-12-2019";"Monitoring"
1894;2180;"01-13-2020";"Renewal"
663;2579;"09-20-2018";"Annual"
1332;2579;"05-10-2019";"Monitoring"
1642;2579;"09-10-2019";"Annual"
32;2653;"04-02-2018";"Initial"
838;2653;"11-05-2018";"Monitoring"
1265;2653;"04-19-2019";"Annual"
1791;2653;"10-25-2019";"Monitoring"
711;1860;"03-23-2018";"Annual"
809;1860;"10-26-2018";"Monitoring"
1189;1860;"04-10-2019";"Annual"
1750;1860;"10-11-2019";"Monitoring"
262;1719;"01-11-2018";"Renewal"
821;1719;"11-01-2018";"Monitoring"
1134;1719;"03-27-2019";"Annual"
651;2099;"02-13-2018";"Annual"
652;2099;"09-07-2018";"Monitoring"
1127;2099;"03-26-2019";"Annual"
1553;2099;"08-08-2019";"Monitoring"
1944;2099;"01-29-2020";"Renewal"
357;1896;"04-30-2018";"Annual"
1028;1896;"02-28-2019";"Annual"
1481;1896;"07-15-2019";"Monitoring"
1948;1896;"01-21-2020";"Renewal"
178;2354;"11-14-2017";"Renewal"
561;2354;"08-23-2018";"Monitoring"
911;2354;"12-27-2018";"Annual"
1398;2354;"06-05-2019";"Monitoring"
1841;2354;"12-04-2019";"Annual"
139;2270;"10-25-2017";"Renewal"
900;2270;"12-18-2018";"Annual"
1878;2270;"12-30-2019";"Annual"
376;1754;"05-18-2018";"Annual"
1064;1754;"03-07-2019";"Monitoring"
1437;1754;"06-21-2019";"Annual"
1887;1754;"01-08-2020";"Monitoring"
563;1859;"07-24-2018";"Annual"
1150;1859;"03-18-2019";"Monitoring"
1523;1859;"07-22-2019";"Annual"
354;1948;"02-23-2018";"Annual"
845;1948;"10-12-2018";"Monitoring"
1122;1948;"03-18-2019";"Annual"
2073;1948;"03-04-2020";"Renewal"
243;2553;"01-22-2018";"Renewal"
755;2553;"09-14-2018";"Monitoring"
1087;2553;"03-18-2019";"Annual"
1676;2553;"09-16-2019";"Monitoring"
244;2555;"01-22-2018";"Renewal"
654;2555;"09-14-2018";"Monitoring"
1085;2555;"03-18-2019";"Annual"
1677;2555;"09-16-2019";"Monitoring"
38;2650;"04-06-2018";"Initial"
1376;2650;"05-30-2019";"Annual"
1609;2650;"09-03-2019";"Monitoring"
62;2687;"09-04-2018";"Initial"
1327;2687;"05-15-2019";"Monitoring"
1686;2687;"09-17-2019";"Annual"
285;2236;"03-19-2018";"Monitoring"
439;2236;"07-17-2018";"Annual"
1031;2236;"03-01-2019";"Monitoring"
1563;2236;"08-12-2019";"Annual"
369;1947;"05-10-2018";"Monitoring"
784;1947;"10-15-2018";"Annual"
1165;1947;"03-22-2019";"Monitoring"
1741;1947;"10-04-2019";"Annual"
144;2073;"11-09-2017";"Renewal"
653;2073;"09-06-2018";"Monitoring"
1284;2073;"05-07-2019";"Monitoring"
1709;2073;"09-24-2019";"Annual"
616;1778;"05-17-2018";"Monitoring"
802;1778;"10-24-2018";"Annual"
1372;1778;"05-29-2019";"Monitoring"
1835;1778;"11-27-2019";"Annual"
91;2715;"04-23-2019";"Initial"
1577;2715;"08-14-2019";"Monitoring"
2081;2715;"03-12-2020";"Annual"
106;2184;"10-03-2017";"Renewal"
752;2184;"08-20-2018";"Monitoring"
828;2184;"11-01-2018";"Annual"
1418;2184;"05-29-2019";"Monitoring"
1751;2184;"10-10-2019";"Annual"
535;1783;"08-07-2018";"Monitoring"
1032;1783;"01-04-2019";"Annual"
1484;1783;"07-16-2019";"Monitoring"
474;1876;"05-04-2018";"Annual"
824;1876;"10-30-2018";"Monitoring"
1377;1876;"05-30-2019";"Annual"
1995;1876;"02-13-2020";"Renewal"
179;2033;"10-26-2017";"Renewal"
757;2033;"09-17-2018";"Monitoring"
894;2033;"11-05-2018";"Annual"
1434;2033;"06-17-2019";"Monitoring"
1851;2033;"12-10-2019";"Annual"
201;1910;"11-07-2017";"Renewal"
758;1910;"09-06-2018";"Monitoring"
962;1910;"12-17-2018";"Annual"
1462;1910;"07-05-2019";"Monitoring"
1885;1910;"12-30-2019";"Annual"
97;2002;"09-08-2017";"Renewal"
510;2002;"05-25-2018";"Monitoring"
921;2002;"11-02-2018";"Annual"
1420;2002;"06-06-2019";"Monitoring"
1859;2002;"12-13-2019";"Annual"
368;2564;"04-30-2018";"Monitoring"
418;2564;"06-12-2018";"Annual"
1114;2564;"03-18-2019";"Monitoring"
1260;2564;"04-30-2019";"Annual"
1846;2564;"12-04-2019";"Monitoring"
286;1971;"03-20-2018";"Monitoring"
648;1971;"09-18-2018";"Annual"
1226;1971;"04-25-2019";"Monitoring"
1640;1971;"09-10-2019";"Annual"
2012;1971;"02-21-2020";"Monitoring"
126;2751;"09-20-2019";"Initial"
218;1823;"01-09-2018";"Annual"
428;1823;"07-09-2018";"Monitoring"
920;1823;"01-07-2019";"Annual"
1401;1823;"06-06-2019";"Monitoring"
1963;1823;"02-03-2020";"Renewal"
485;2556;"06-06-2018";"Monitoring"
863;2556;"11-29-2018";"Annual"
1151;2556;"03-13-2019";"Monitoring"
1929;2556;"01-24-2020";"Annual"
318;2031;"03-16-2018";"Annual"
765;2031;"10-09-2018";"Monitoring"
1030;2031;"02-28-2019";"Annual"
1815;2031;"11-08-2019";"Monitoring"
1973;2031;"01-24-2020";"Renewal"
19;2640;"02-02-2018";"Initial"
1006;2640;"02-22-2019";"Monitoring"
1237;2640;"04-26-2019";"Annual"
1786;2640;"11-01-2019";"Monitoring"
68;2662;"05-07-2018";"Initial"
1334;2662;"05-15-2019";"Monitoring"
1688;2662;"09-17-2019";"Annual"
367;2074;"03-19-2018";"Annual"
759;2074;"09-13-2018";"Monitoring"
1005;2074;"02-21-2019";"Annual"
1606;2074;"08-29-2019";"Monitoring"
2018;2074;"02-13-2020";"Renewal"
839;1818;"11-08-2018";"Annual"
1288;1818;"05-07-2019";"Monitoring"
1825;1818;"11-22-2019";"Annual"
801;2568;"10-24-2018";"Monitoring"
1008;2568;"02-25-2019";"Annual"
1910;2568;"01-17-2020";"Monitoring"
362;2131;"05-09-2018";"Monitoring"
589;2131;"08-30-2018";"Annual"
1095;2131;"03-18-2019";"Monitoring"
1560;2131;"08-09-2019";"Annual"
308;2399;"01-25-2017";"Renewal"
848;2399;"10-15-2018";"Monitoring"
1192;2399;"04-04-2019";"Annual"
1755;2399;"10-08-2019";"Monitoring"
2105;2399;"07-30-2020";"Annual"
101;1920;"11-16-2017";"Renewal"
1216;1920;"07-03-2018";"Monitoring"
871;1920;"12-03-2018";"Annual"
1490;1920;"07-18-2019";"Monitoring"
1888;1920;"01-08-2020";"Annual"
210;2385;"01-17-2018";"Renewal"
596;2385;"08-13-2018";"Monitoring"
989;2385;"01-18-2019";"Annual"
1269;2385;"04-12-2019";"Monitoring"
1922;2385;"01-02-2020";"Annual"
509;1747;"05-03-2018";"Monitoring"
686;1747;"09-18-2018";"Annual"
1152;1747;"04-02-2019";"Monitoring"
1698;1747;"09-19-2019";"Annual"
1895;1747;"01-13-2020";"Monitoring"
53;1727;"10-02-2017";"Renewal"
407;1727;"06-20-2018";"Monitoring"
841;1727;"11-09-2018";"Annual"
1219;1727;"04-23-2019";"Monitoring"
1777;1727;"10-29-2019";"Annual"
2014;1727;"02-21-2020";"Monitoring"
647;1880;"09-06-2018";"Annual"
1196;1880;"04-12-2019";"Monitoring"
1712;1880;"09-24-2019";"Annual"
79;2569;"10-27-2017";"Annual"
565;2569;"04-17-2018";"Monitoring"
929;2569;"11-30-2018";"Annual"
1330;2569;"05-10-2019";"Monitoring"
1733;2569;"10-01-2019";"Annual"
366;2060;"05-11-2018";"Annual"
1348;2060;"05-20-2019";"Annual"
1719;2060;"09-26-2019";"Monitoring"
1967;2060;"02-03-2020";"Monitoring"
524;2061;"05-15-2018";"Annual"
1365;2061;"05-23-2019";"Annual"
1720;2061;"09-26-2019";"Monitoring"
1970;2061;"02-03-2020";"Monitoring"
528;1822;"05-14-2018";"Annual"
1072;1822;"03-11-2019";"Monitoring"
1342;1822;"05-16-2019";"Annual"
1917;1822;"01-22-2020";"Monitoring"
372;2266;"05-08-2018";"Monitoring"
661;2266;"08-29-2018";"Annual"
1308;2266;"05-10-2019";"Monitoring"
1564;2266;"08-12-2019";"Annual"
123;1789;"10-03-2017";"Renewal"
883;1789;"12-06-2018";"Annual"
1515;1789;"07-26-2019";"Monitoring"
1871;1789;"12-20-2019";"Annual"
618;2152;"08-10-2018";"Annual"
1069;2152;"03-08-2019";"Monitoring"
1514;2152;"07-26-2019";"Annual"
1996;2152;"02-13-2020";"Monitoring"
560;2528;"07-06-2018";"Monitoring"
805;2528;"08-23-2018";"Annual"
1326;2528;"05-15-2019";"Monitoring"
1675;2528;"08-14-2019";"Annual"
183;1826;"12-31-2017";"Renewal"
851;1826;"11-20-2018";"Annual"
1289;1826;"05-08-2019";"Monitoring"
1818;1826;"11-19-2020";"Annual"
182;1770;"11-29-2017";"Renewal"
604;1770;"09-07-2018";"Monitoring"
1132;1770;"03-27-2019";"Annual"
1625;1770;"09-06-2019";"Monitoring"
371;1993;"05-04-2018";"Monitoring"
467;1993;"07-26-2018";"Annual"
1329;1993;"05-15-2019";"Monitoring"
1522;1993;"07-29-2019";"Annual"
156;2588;"10-24-2017";"Renewal"
374;2588;"05-14-2018";"Monitoring"
870;2588;"12-03-2018";"Annual"
1325;2588;"05-15-2019";"Monitoring"
1804;2588;"11-14-2019";"Annual"
110;2735;"07-25-2019";"Initial"
1934;2735;"01-21-2020";"Monitoring"
75;2697;"12-26-2018";"Initial"
1231;2697;"04-26-2019";"Monitoring"
1881;2697;"01-03-2020";"Annual"
399;1853;"05-15-2018";"Renewal"
762;1853;"10-05-2018";"Monitoring"
1147;1853;"04-01-2019";"Annual"
257;1756;"02-26-2018";"Renewal"
792;1756;"10-18-2018";"Monitoring"
1112;1756;"03-13-2019";"Annual"
457;2611;"07-12-2018";"Monitoring"
1023;2611;"02-27-2019";"Annual"
1571;2611;"08-14-2019";"Monitoring"
335;2067;"04-24-2018";"Monitoring"
832;2067;"11-05-2018";"Annual"
1513;2067;"07-25-2019";"Monitoring"
1781;2067;"10-30-2019";"Annual"
45;2669;"06-25-2018";"Initial"
1033;2669;"03-01-2019";"Monitoring"
106;2728;"07-02-2019";"Initial"
540;2593;"03-14-2018";"Annual"
541;2593;"08-09-2018";"Monitoring"
1003;2593;"02-22-2019";"Annual"
1535;2593;"08-01-2019";"Monitoring"
2003;2593;"02-18-2020";"Renewal"
781;2113;"10-12-2018";"Annual"
1304;2113;"05-09-2019";"Monitoring"
1826;2113;"11-22-2019";"Annual"
316;2600;"02-26-2018";"Annual"
930;2600;"10-24-2018";"Monitoring"
983;2600;"02-07-2019";"Annual"
1579;2600;"08-19-2019";"Monitoring"
1939;2600;"01-28-2020";"Renewal"
307;2603;"03-12-2018";"Renewal"
846;2603;"10-29-2018";"Monitoring"
1179;2603;"04-08-2019";"Annual"
208;2522;"11-30-2017";"Renewal"
364;2522;"05-11-2018";"Monitoring"
1040;2522;"03-05-2019";"Annual"
1498;2522;"07-22-2019";"Monitoring"
475;1901;"06-08-2018";"Annual"
684;1901;"09-24-2018";"Monitoring"
1251;1901;"04-30-2019";"Annual"
1559;1901;"08-09-2019";"Monitoring"
72;2683;"11-15-2018";"Initial"
1246;2683;"04-25-2019";"Monitoring"
1754;2683;"10-15-2019";"Annual"
495;1862;"07-02-2018";"Annual"
982;1862;"02-04-2019";"Monitoring"
1313;1862;"05-02-2019";"Annual"
496;1935;"07-02-2018";"Annual"
984;1935;"02-04-2019";"Monitoring"
1262;1935;"04-30-2019";"Annual"
551;2153;"08-17-2018";"Annual"
1444;2153;"06-25-2019";"Monitoring"
1556;2153;"08-08-2019";"Annual"
2071;2153;"03-10-2020";"Monitoring"
51;1807;"10-19-2017";"Renewal"
650;1807;"09-17-2018";"Monitoring"
938;1807;"11-29-2018";"Annual"
1183;1807;"04-09-2019";"Monitoring"
1807;1807;"11-14-2019";"Annual"
665;1831;"09-20-2018";"Annual"
1318;1831;"05-09-2019";"Monitoring"
1701;1831;"09-20-2019";"Annual"
128;1974;"10-30-2017";"Renewal"
365;1974;"05-11-2018";"Monitoring"
862;1974;"11-29-2018";"Annual"
1355;1974;"05-21-2019";"Monitoring"
1810;1974;"11-15-2019";"Annual"
127;2013;"10-30-2017";"Renewal"
393;2013;"06-01-2018";"Monitoring"
867;2013;"11-29-2018";"Annual"
1353;2013;"05-21-2019";"Monitoring"
1811;2013;"11-15-2019";"Annual"
82;2713;"03-22-2019";"Initial"
1510;2713;"07-25-2019";"Monitoring"
2054;2713;"02-27-2020";"Annual"
130;2051;"10-11-2017";"Renewal"
881;2051;"12-05-2018";"Annual"
1397;2051;"06-04-2019";"Monitoring"
1865;2051;"12-30-2019";"Annual"
108;2727;"07-01-2019";"Initial"
1824;2727;"11-22-2019";"Monitoring"
572;2309;"05-22-2018";"Annual"
1252;2309;"04-25-2019";"Annual"
1602;2309;"08-29-2019";"Monitoring"
107;2737;"07-09-2019";"Initial"
89;2189;"11-09-2017";"Renewal"
402;2189;"06-12-2018";"Monitoring"
882;2189;"12-06-2018";"Annual"
1351;2189;"05-20-2019";"Monitoring"
1767;2189;"10-22-2019";"Annual"
55;2672;"06-19-2018";"Initial"
1098;2672;"03-21-2019";"Monitoring"
1537;2672;"08-02-2019";"Annual"
787;2559;"10-18-2018";"Annual"
1404;2559;"06-06-2019";"Monitoring"
1912;2559;"01-21-2020";"Monitoring"
198;2237;"11-13-2017";"Renewal"
793;2237;"10-10-2018";"Monitoring"
966;2237;"01-11-2019";"Annual"
1461;2237;"06-11-2019";"Monitoring"
200;2238;"11-16-2017";"Renewal"
778;2238;"10-12-2018";"Monitoring"
855;2238;"11-21-2018";"Annual"
1415;2238;"06-07-2019";"Monitoring"
1875;2238;"12-09-2019";"Annual"
39;2649;"04-10-2018";"Initial"
1357;2649;"05-21-2019";"Annual"
1670;2649;"09-12-2019";"Monitoring"
159;2574;"11-27-2017";"Renewal"
600;2574;"05-25-2018";"Monitoring"
904;2574;"12-20-2018";"Annual"
1321;2574;"05-03-2019";"Monitoring"
1808;2574;"11-15-2019";"Annual"
342;1729;"05-01-2018";"Annual"
1086;1729;"03-18-2019";"Monitoring"
1438;1729;"06-24-2019";"Annual"
138;2763;"10-08-2019";"Initial"
209;2117;"12-20-2017";"Renewal"
576;2117;"05-17-2018";"Monitoring"
1073;2117;"03-12-2019";"Annual"
1470;2117;"07-10-2019";"Monitoring"
1947;2117;"01-15-2020";"Annual"
595;2216;"08-28-2018";"Monitoring"
775;2216;"10-10-2018";"Annual"
1186;2216;"04-09-2019";"Monitoring"
1790;2216;"10-18-2019";"Annual"
580;2575;"08-28-2018";"Monitoring"
916;2575;"12-20-2018";"Annual"
1459;2575;"07-02-2019";"Monitoring"
1874;2575;"12-19-2019";"Annual"
217;1902;"12-14-2017";"Renewal"
737;1902;"10-02-2018";"Annual"
1306;1902;"05-09-2019";"Monitoring"
1850;1902;"12-05-2019";"Annual"
532;1795;"08-06-2018";"Monitoring"
742;1795;"09-07-2018";"Annual"
1171;1795;"03-27-2019";"Monitoring"
1667;1795;"09-13-2019";"Annual"
341;2584;"02-16-2018";"Annual"
769;2584;"10-10-2018";"Monitoring"
1004;2584;"02-22-2019";"Annual"
1740;2584;"10-07-2019";"Monitoring"
1983;2584;"02-10-2020";"Renewal"
250;2517;"02-16-2018";"Renewal"
1019;2517;"02-27-2019";"Monitoring"
1228;2517;"04-25-2019";"Annual"
1756;2517;"10-17-2019";"Monitoring"
184;2583;"11-03-2017";"Renewal"
575;2583;"08-24-2018";"Monitoring"
1184;2583;"04-09-2019";"Annual"
1526;2583;"07-30-2019";"Monitoring"
42;2668;"06-01-2018";"Initial"
922;2668;"01-07-2019";"Monitoring"
1386;2668;"05-21-2019";"Annual"
345;2592;"04-13-2018";"Renewal"
682;2592;"09-24-2018";"Monitoring"
1078;2592;"03-14-2019";"Monitoring"
1468;2592;"07-09-2019";"Annual"
1978;2592;"02-06-2020";"Monitoring"
161;2040;"11-21-2017";"Renewal"
735;2040;"09-13-2018";"Monitoring"
913;2040;"12-28-2018";"Annual"
1452;2040;"06-27-2019";"Monitoring"
1801;2040;"11-12-2019";"Annual"
69;2734;"09-18-2018";"Initial"
1659;2734;"09-12-2019";"Annual"
529;2175;"08-06-2018";"Monitoring"
1089;2175;"03-18-2019";"Annual"
1722;2175;"08-19-2019";"Monitoring"
194;2075;"01-05-2018";"Renewal"
396;2075;"06-04-2018";"Monitoring"
1011;2075;"02-26-2019";"Annual"
1368;2075;"05-28-2019";"Monitoring"
1847;2075;"12-09-2019";"Annual"
155;2784;"09-01-2020";"Initial"
220;2249;"11-09-2017";"Renewal"
1371;2249;"07-26-2018";"Monitoring"
869;2249;"11-30-2018";"Annual"
1525;2249;"07-30-2019";"Monitoring"
1849;2249;"12-09-2019";"Annual"
615;2448;"09-11-2018";"Monitoring"
842;2448;"10-29-2018";"Annual"
1302;2448;"05-10-2019";"Monitoring"
2050;2448;"10-11-2019";"Annual"
66;2690;"09-12-2018";"Initial"
1249;2690;"04-29-2019";"Monitoring"
1594;2690;"08-28-2019";"Annual"
225;1768;"01-25-2018";"Renewal"
440;1768;"07-18-2018";"Monitoring"
1084;1768;"03-18-2019";"Annual"
1598;1768;"08-29-2019";"Monitoring"
465;1773;"04-25-2018";"Monitoring"
979;1773;"02-06-2019";"Annual"
1474;1773;"07-11-2019";"Monitoring"
290;2126;"02-14-2018";"Renewal"
1088;2126;"03-18-2019";"Annual"
1661;2126;"09-12-2019";"Monitoring"
2030;2126;"02-25-2020";"Annual"
140;2767;"02-10-2020";"Initial"
274;1927;"03-08-2018";"Annual"
746;1927;"10-04-2018";"Monitoring"
1130;1927;"03-26-2019";"Annual"
1771;1927;"10-24-2019";"Monitoring"
116;2740;"07-31-2019";"Initial"
328;2047;"04-19-2018";"Monitoring"
411;2047;"06-12-2018";"Annual"
1058;2047;"02-22-2019";"Monitoring"
1417;2047;"05-21-2019";"Annual"
256;1772;"02-27-2018";"Annual"
825;1772;"11-02-2018";"Monitoring"
1346;1772;"05-17-2019";"Annual"
1855;1772;"12-11-2019";"Monitoring"
227;1956;"01-26-2018";"Annual"
548;1956;"08-16-2018";"Monitoring"
1129;1956;"03-26-2019";"Annual"
1554;1956;"08-08-2019";"Monitoring"
764;2244;"01-01-1900";"Monitoring"
404;2244;"06-08-2018";"Annual"
1059;2244;"02-19-2019";"Monitoring"
1347;2244;"05-15-2019";"Annual"
688;2080;"09-25-2018";"Annual"
1374;2080;"05-29-2019";"Monitoring"
1700;2080;"09-20-2019";"Annual"
526;1934;"06-26-2018";"Annual"
1141;1934;"03-25-2019";"Annual"
1703;1934;"09-20-2019";"Monitoring"
1985;1934;"02-10-2020";"Renewal"
754;1933;"09-20-2018";"Annual"
1157;1933;"03-08-2019";"Monitoring"
1345;1933;"05-17-2019";"Annual"
696;1978;"09-04-2018";"Annual"
1333;1978;"05-15-2019";"Monitoring"
1678;1978;"09-11-2019";"Annual"
239;1743;"01-23-2018";"Renewal"
837;1743;"10-16-2018";"Monitoring"
1056;1743;"02-27-2019";"Annual"
640;2160;"04-03-2018";"Monitoring"
643;2160;"09-10-2018";"Annual"
1170;2160;"03-08-2019";"Monitoring"
1532;2160;"07-31-2019";"Annual"
2032;2160;"02-26-2020";"Monitoring"
131;1794;"10-20-2017";"Renewal"
511;1794;"07-31-2018";"Monitoring"
886;1794;"12-07-2018";"Annual"
1315;1794;"05-14-2019";"Monitoring"
1795;1794;"11-07-2019";"Annual"
635;2210;"06-18-2018";"Annual"
1317;2210;"05-14-2019";"Monitoring"
1504;2210;"07-23-2019";"Annual"
1957;2210;"01-30-2020";"Monitoring"
85;2239;"11-03-2017";"Renewal"
437;2239;"05-09-2018";"Monitoring"
875;2239;"12-04-2018";"Annual"
1221;2239;"04-19-2019";"Monitoring"
1869;2239;"12-16-2019";"Annual"
506;1799;"06-08-2018";"Annual"
903;1799;"12-11-2018";"Monitoring"
1349;1799;"05-20-2019";"Annual"
189;1838;"12-11-2017";"Renewal"
430;1838;"05-25-2018";"Monitoring"
951;1838;"01-17-2019";"Annual"
1320;1838;"05-03-2019";"Monitoring"
1977;1838;"01-31-2020";"Annual"
187;1763;"12-15-2017";"Renewal"
633;1763;"08-31-2018";"Monitoring"
988;1763;"01-18-2019";"Annual"
1268;1763;"04-30-2019";"Monitoring"
1908;1763;"12-09-2019";"Annual"
574;2346;"05-24-2018";"Annual"
1276;2346;"05-03-2019";"Annual"
1573;2346;"08-15-2019";"Monitoring"
1902;2346;"01-16-2020";"Monitoring"
497;1889;"06-11-2018";"Monitoring"
768;1889;"10-10-2018";"Annual"
1109;1889;"03-22-2019";"Monitoring"
1925;1889;"01-23-2020";"Monitoring"
401;1882;"06-11-2018";"Monitoring"
770;1882;"10-10-2018";"Annual"
1108;1882;"03-22-2019";"Monitoring"
1924;1882;"01-23-2020";"Monitoring"
151;2775;"07-15-2020";"Initial"
384;1854;"05-23-2018";"Monitoring"
1445;1854;"06-25-2019";"Monitoring"
1673;1854;"09-13-2019";"Annual"
231;2093;"11-09-2017";"Renewal"
1287;2093;"05-03-2019";"Annual"
1552;2093;"08-07-2019";"Monitoring"
235;2111;"10-18-2017";"Renewal"
1429;2111;"05-08-2019";"Annual"
1551;2111;"08-07-2019";"Monitoring"
445;2094;"04-18-2018";"Annual"
1156;2094;"03-27-2019";"Annual"
1546;2094;"08-23-2019";"Monitoring"
1868;2094;"12-16-2019";"Monitoring"
749;2606;"05-19-2018";"Annual"
1159;2606;"03-29-2019";"Annual"
1684;2606;"08-06-2019";"Monitoring"
1854;2606;"12-05-2019";"Monitoring"
236;2164;"02-05-2018";"Annual"
985;2164;"02-08-2019";"Annual"
1475;2164;"07-12-2019";"Monitoring"
1941;2164;"01-29-2020";"Renewal"
155;1884;"10-30-2017";"Renewal"
748;1884;"09-20-2018";"Monitoring"
856;1884;"11-16-2018";"Annual"
1520;1884;"07-18-2019";"Monitoring"
1836;1884;"11-18-2019";"Annual"
113;2212;"11-21-2017";"Renewal"
553;2212;"08-20-2018";"Monitoring"
972;2212;"11-21-2018";"Annual"
1423;2212;"06-10-2019";"Monitoring"
1949;2212;"01-30-2020";"Annual"
620;2612;"09-13-2018";"Monitoring"
1018;2612;"12-04-2018";"Annual"
1723;2612;"08-27-2019";"Monitoring"
241;2001;"02-06-2018";"Annual"
444;2001;"07-20-2018";"Monitoring"
1060;2001;"03-07-2019";"Annual"
1618;2001;"09-05-2019";"Monitoring"
1971;2001;"02-04-2020";"Renewal"
452;1771;"01-31-2018";"Monitoring"
381;1771;"05-11-2018";"Annual"
914;1771;"01-02-2019";"Monitoring"
1190;1771;"04-02-2019";"Annual"
1919;1771;"01-17-2020";"Monitoring"
140;1900;"10-30-2017";"Renewal"
547;1900;"08-14-2018";"Monitoring"
941;1900;"10-24-2018";"Annual"
1448;1900;"06-27-2019";"Monitoring"
1785;1900;"10-21-2019";"Annual"
59;2674;"07-16-2018";"Initial"
1379;2674;"05-21-2019";"Annual"
1638;2674;"09-06-2019";"Monitoring"
65;2685;"09-10-2018";"Initial"
1234;2685;"04-26-2019";"Monitoring"
1569;2685;"08-13-2019";"Annual"
271;1922;"01-17-2018";"Renewal"
1208;1922;"03-21-2019";"Annual"
1669;1922;"09-12-2019";"Monitoring"
2056;1922;"03-05-2020";"Annual"
557;2103;"06-19-2018";"Monitoring"
861;2103;"11-28-2018";"Annual"
1210;2103;"04-10-2019";"Monitoring"
1762;2103;"10-17-2019";"Annual"
426;1812;"01-05-2018";"Monitoring"
425;1812;"05-23-2018";"Annual"
923;1812;"12-07-2018";"Monitoring"
1204;1812;"04-15-2019";"Annual"
1735;1812;"10-03-2019";"Monitoring"
609;2610;"08-10-2018";"Annual"
1324;2610;"05-09-2019";"Annual"
1590;2610;"08-23-2019";"Monitoring"
43;2670;"06-06-2018";"Initial"
898;2670;"12-14-2018";"Monitoring"
1507;2670;"07-22-2019";"Annual"
1837;2670;"11-26-2019";"Monitoring"
302;1787;"04-03-2018";"Annual"
865;1787;"11-29-2018";"Monitoring"
1253;1787;"04-30-2019";"Annual"
1797;1787;"11-08-2019";"Monitoring"
346;2396;"05-04-2018";"Monitoring"
797;2396;"10-22-2018";"Annual"
1301;2396;"05-10-2019";"Monitoring"
1752;2396;"10-15-2019";"Annual"
2048;2396;"03-05-2020";"Monitoring"
112;2730;"07-01-2019";"Initial"
743;1832;"02-08-2018";"Monitoring"
413;1832;"06-06-2018";"Annual"
937;1832;"12-03-2018";"Monitoring"
1267;1832;"04-26-2019";"Annual"
73;2694;"11-27-2018";"Initial"
1430;2694;"06-11-2019";"Monitoring"
1747;2694;"10-08-2019";"Annual"
330;1981;"04-23-2018";"Monitoring"
670;1981;"09-21-2018";"Annual"
1061;1981;"03-07-2019";"Monitoring"
1487;1981;"07-08-2019";"Annual"
2055;1981;"02-06-2020";"Monitoring"
331;1985;"04-23-2018";"Monitoring"
672;1985;"09-21-2018";"Annual"
1062;1985;"03-07-2019";"Monitoring"
1465;1985;"07-09-2019";"Annual"
1984;1985;"02-06-2020";"Monitoring"
301;2590;"02-12-2018";"Renewal"
844;2590;"10-19-2018";"Monitoring"
1128;2590;"03-26-2019";"Annual"
533;2171;"04-27-2018";"Annual"
908;2171;"12-18-2018";"Monitoring"
1489;2171;"05-08-2019";"Annual"
1997;2171;"02-13-2020";"Renewal"
471;2525;"04-26-2018";"Annual"
700;2525;"09-27-2018";"Monitoring"
980;2525;"02-07-2019";"Annual"
1464;2525;"07-08-2019";"Monitoring"
115;1984;"10-12-2017";"Renewal"
481;1984;"07-18-2018";"Monitoring"
1053;1984;"03-06-2019";"Annual"
1624;1984;"09-05-2019";"Monitoring"
1592;2589;"05-04-2018";"Monitoring"
799;2589;"10-23-2018";"Annual"
1393;2589;"06-03-2019";"Monitoring"
1742;2589;"10-08-2019";"Annual"
242;2503;"02-08-2018";"Annual"
522;2503;"08-02-2018";"Monitoring"
991;2503;"02-13-2019";"Annual"
1603;2503;"08-26-2019";"Monitoring"
191;1791;"12-06-2017";"Renewal"
523;1791;"05-11-2018";"Monitoring"
1036;1791;"02-21-2019";"Annual"
1375;1791;"05-28-2019";"Monitoring"
1914;1791;"01-13-2020";"Annual"
627;2421;"07-27-2018";"Annual"
1118;2421;"03-22-2019";"Monitoring"
1453;2421;"06-27-2019";"Annual"
2035;2421;"02-27-2020";"Renewal"
14;2629;"11-07-2017";"Initial"
603;2629;"08-23-2018";"Monitoring"
1054;2629;"03-01-2019";"Annual"
1463;2629;"07-08-2019";"Monitoring"
64;2686;"09-10-2018";"Initial"
1454;2686;"06-27-2019";"Monitoring"
1680;2686;"09-16-2019";"Annual"
215;1765;"10-19-2017";"Renewal"
594;1765;"08-13-2018";"Monitoring"
942;1765;"12-14-2018";"Annual"
1339;1765;"05-16-2019";"Monitoring"
1955;1765;"01-03-2020";"Annual"
153;2781;"08-05-2020";"Initial"
380;2186;"04-27-2018";"Monitoring"
628;2186;"08-21-2018";"Annual"
1123;2186;"03-25-2019";"Monitoring"
1166;2186;"05-28-2019";"Annual"
1926;2186;"01-17-2020";"Monitoring"
270;2254;"01-29-2018";"Renewal"
429;2254;"07-09-2018";"Monitoring"
877;2254;"12-04-2018";"Annual"
1486;2254;"07-16-2019";"Monitoring"
1936;2254;"01-27-2020";"Annual"
955;2613;"01-31-2018";"Monitoring"
957;2613;"03-20-2018";"Annual"
1039;2613;"02-26-2019";"Annual"
1706;2613;"09-23-2019";"Monitoring"
120;1806;"11-16-2017";"Renewal"
767;1806;"10-05-2018";"Annual"
1616;1806;"09-04-2019";"Monitoring"
1834;1806;"11-25-2019";"Annual"
207;1965;"01-02-2018";"Renewal"
776;1965;"06-01-2018";"Monitoring"
939;1965;"01-10-2019";"Annual"
1286;1965;"05-07-2019";"Monitoring"
175;2078;"12-14-2017";"Renewal"
738;2078;"08-21-2018";"Monitoring"
1243;2078;"04-29-2019";"Annual"
1692;2078;"09-18-2019";"Monitoring"
192;2141;"11-20-2017";"Renewal"
774;2141;"10-10-2018";"Monitoring"
968;2141;"01-10-2019";"Annual"
1956;2141;"01-22-2020";"Annual"
211;2008;"12-14-2017";"Renewal"
739;2008;"08-21-2018";"Monitoring"
1244;2008;"04-29-2019";"Annual"
1690;2008;"09-18-2019";"Monitoring"
932;1919;"10-04-2018";"Annual"
1366;1919;"05-24-2019";"Monitoring"
1547;1919;"08-06-2019";"Annual"
786;1851;"09-13-2018";"Annual"
1312;1851;"05-13-2019";"Monitoring"
1783;1851;"10-31-2019";"Annual"
143;2039;"10-17-2017";"Renewal"
791;2039;"10-18-2018";"Annual"
1364;2039;"05-22-2019";"Monitoring"
1822;2039;"11-19-2019";"Annual"
247;2095;"01-11-2018";"Renewal"
592;2095;"08-28-2018";"Monitoring"
967;2095;"12-11-2018";"Annual"
1519;2095;"07-22-2019";"Monitoring"
1901;2095;"12-19-2019";"Annual"
41;2097;"10-13-2017";"Renewal"
591;2097;"09-06-2018";"Monitoring"
901;2097;"12-11-2018";"Annual"
1518;2097;"07-22-2019";"Monitoring"
1893;2097;"12-19-2019";"Annual"
37;2252;"10-10-2017";"Renewal"
412;2252;"06-25-2018";"Monitoring"
868;2252;"11-30-2018";"Annual"
1314;2252;"05-13-2019";"Monitoring"
280;1894;"03-15-2018";"Monitoring"
282;1894;"03-31-2018";"Monitoring"
678;1894;"09-24-2018";"Annual"
1101;1894;"03-21-2019";"Monitoring"
1721;1894;"09-27-2019";"Annual"
102;2149;"11-16-2017";"Renewal"
722;2149;"09-19-2018";"Monitoring"
1295;2149;"05-08-2019";"Annual"
1663;2149;"09-13-2019";"Monitoring"
124;2750;"09-04-2019";"Initial"
1999;2750;"02-12-2020";"Monitoring"
130;2755;"10-18-2019";"Initial"
36;2660;"04-20-2018";"Initial"
946;2660;"01-15-2019";"Monitoring"
1206;2660;"04-08-2019";"Annual"
1817;2660;"11-15-2019";"Monitoring"
97;2718;"05-23-2019";"Initial"
101;2719;"06-07-2019";"Initial"
1805;2719;"11-14-2019";"Monitoring"
98;2720;"05-31-2019";"Initial"
1800;2720;"11-12-2019";"Monitoring"
96;2726;"05-23-2019";"Initial"
48;2667;"06-14-2018";"Initial"
1188;2667;"04-09-2019";"Monitoring"
1682;2667;"09-13-2019";"Annual"
3;2617;"08-17-2017";"Initial"
981;2617;"02-05-2019";"Monitoring"
1335;2617;"05-16-2019";"Annual"
1788;2617;"10-31-2019";"Monitoring"
713;2615;"04-13-2018";"Monitoring"
817;2615;"09-18-2018";"Annual"
1433;2615;"06-17-2019";"Monitoring"
1601;2615;"08-29-2019";"Annual"
206;2241;"10-06-2017";"Renewal"
834;2241;"09-13-2018";"Monitoring"
1107;2241;"03-22-2019";"Annual"
1672;2241;"09-11-2019";"Monitoring"
1979;2241;"02-06-2020";"Annual"
105;2022;"11-17-2017";"Renewal"
721;2022;"09-18-2018";"Monitoring"
992;2022;"02-13-2019";"Annual"
1695;2022;"09-18-2019";"Monitoring"
433;2547;"05-17-2018";"Annual"
800;2547;"10-18-2018";"Monitoring"
1266;2547;"04-22-2019";"Annual"
167;2011;"12-11-2017";"Renewal"
720;2011;"09-18-2018";"Monitoring"
1167;2011;"03-06-2019";"Annual"
1697;2011;"09-19-2019";"Monitoring"
57;2681;"08-15-2018";"Initial"
1197;2681;"04-11-2019";"Monitoring"
1662;2681;"09-12-2019";"Annual"
29;2646;"03-13-2018";"Initial"
819;2646;"10-29-2018";"Monitoring"
1271;2646;"03-07-2019";"Annual"
315;1779;"03-09-2018";"Monitoring"
400;1779;"06-11-2018";"Annual"
1198;1779;"04-12-2019";"Monitoring"
1432;1779;"06-17-2019";"Annual"
447;1764;"07-09-2018";"Monitoring"
751;1764;"09-27-2018";"Annual"
1442;1764;"06-18-2019";"Monitoring"
1561;1764;"08-08-2019";"Annual"
141;2758;"02-20-2020";"Initial"
149;2776;"07-21-2020";"Initial"
141;1801;"10-26-2017";"Renewal"
897;1801;"12-14-2018";"Annual"
1501;1801;"07-23-2019";"Monitoring"
1896;1801;"01-14-2020";"Annual"
745;2554;"06-04-2018";"Annual"
1410;2554;"06-07-2019";"Monitoring"
1613;2554;"09-04-2019";"Annual"
111;1821;"10-12-2017";"Renewal"
777;1821;"10-09-2018";"Monitoring"
858;1821;"11-20-2018";"Annual"
1793;1821;"10-29-2019";"Annual"
377;2336;"05-14-2018";"Monitoring"
715;2336;"09-19-2018";"Annual"
1038;2336;"02-27-2019";"Monitoring"
131;2754;"10-23-2019";"Initial"
253;2540;"02-23-2018";"Annual"
1136;2540;"03-28-2019";"Annual"
1612;2540;"09-04-2019";"Monitoring"
103;2692;"10-22-2018";"Initial"
1802;2692;"11-07-2019";"Monitoring"
469;2066;"05-08-2018";"Annual"
658;2066;"09-18-2018";"Monitoring"
1290;2066;"05-08-2019";"Annual"
1604;2066;"08-30-2019";"Monitoring"
453;2536;"07-09-2018";"Annual"
1144;2536;"03-29-2019";"Annual"
1639;2536;"09-09-2019";"Monitoring"
268;2199;"12-08-2017";"Renewal"
954;2199;"08-21-2018";"Monitoring"
995;2199;"02-14-2019";"Annual"
1575;2199;"08-15-2019";"Monitoring"
675;2557;"02-02-2018";"Monitoring"
674;2557;"08-23-2018";"Annual"
1049;2557;"02-25-2019";"Monitoring"
1534;2557;"07-25-2019";"Annual"
463;2367;"06-22-2018";"Annual"
1074;2367;"03-12-2019";"Annual"
1533;2367;"07-31-2019";"Monitoring"
1964;2367;"02-03-2020";"Renewal"
25;2637;"01-12-2018";"Initial"
1103;2637;"03-21-2019";"Monitoring"
1540;2637;"08-02-2019";"Annual"
673;1885;"09-14-2018";"Annual"
1120;1885;"03-22-2019";"Monitoring"
1524;1885;"07-29-2019";"Annual"
193;2037;"12-01-2017";"Renewal"
427;2037;"07-05-2018";"Monitoring"
843;2037;"11-09-2018";"Annual"
1479;2037;"07-12-2019";"Monitoring"
1828;2037;"11-19-2019";"Annual"
252;1808;"01-09-2018";"Renewal"
732;1808;"08-10-2018";"Monitoring"
1131;1808;"03-27-2019";"Annual"
1555;1808;"08-08-2019";"Monitoring"
1906;1808;"01-16-2020";"Annual"
147;2176;"10-05-2017";"Renewal"
419;2176;"07-02-2018";"Monitoring"
854;2176;"11-27-2018";"Annual"
1436;2176;"06-20-2019";"Monitoring"
1819;2176;"11-19-2019";"Annual"
135;2168;"11-30-2017";"Renewal"
586;2168;"08-30-2018";"Monitoring"
973;2168;"12-18-2018";"Annual"
1300;2168;"05-09-2019";"Monitoring"
1898;2168;"01-14-2020";"Annual"
258;1897;"02-23-2018";"Renewal"
943;1897;"12-28-2018";"Monitoring"
1137;1897;"03-15-2019";"Annual"
18;2641;"01-26-2018";"Initial"
788;2641;"10-18-2018";"Monitoring"
965;2641;"01-17-2019";"Annual"
2052;2641;"02-03-2020";"Annual"
2103;2641;"07-29-2020";"Monitoring"
659;2347;"08-09-2018";"Monitoring"
1021;2347;"02-27-2019";"Annual"
1570;2347;"08-14-2019";"Monitoring"
295;1752;"03-30-2018";"Monitoring"
816;1752;"10-30-2018";"Annual"
1428;1752;"06-13-2019";"Monitoring"
1769;1752;"10-23-2019";"Annual"
552;2201;"08-20-2018";"Monitoring"
859;2201;"11-28-2018";"Annual"
1338;2201;"05-16-2019";"Monitoring"
1916;2201;"01-22-2020";"Annual"
693;2200;"08-31-2018";"Monitoring"
1093;2200;"03-19-2019";"Annual"
1582;2200;"08-20-2019";"Monitoring"
382;1864;"05-22-2018";"Monitoring"
581;1864;"08-29-2018";"Annual"
1270;1864;"05-02-2019";"Monitoring"
1631;1864;"09-09-2019";"Annual"
152;1874;"12-06-2017";"Renewal"
657;1874;"09-19-2018";"Monitoring"
1294;1874;"12-21-2018";"Annual"
1291;1874;"05-08-2019";"Monitoring"
2000;1874;"02-14-2020";"Annual"
1027;2366;"02-27-2019";"Annual"
1511;2366;"07-25-2019";"Monitoring"
1992;2366;"02-12-2020";"Monitoring"
432;1725;"04-17-2018";"Annual"
593;1725;"08-15-2018";"Monitoring"
1259;1725;"04-02-2019";"Annual"
1516;1725;"07-01-2019";"Monitoring"
470;2009;"01-29-2018";"Annual"
808;2009;"08-23-2018";"Monitoring"
1044;2009;"02-22-2019";"Annual"
1578;2009;"08-08-2019";"Monitoring"
2009;2009;"02-20-2020";"Renewal"
166;2194;"12-11-2017";"Renewal"
562;2194;"08-23-2018";"Monitoring"
1610;2194;"05-06-2019";"Annual"
1611;2194;"08-14-2019";"Monitoring"
148;2069;"11-16-2017";"Renewal"
605;2069;"05-24-2018";"Monitoring"
608;2069;"05-24-2018";"Monitoring"
902;2069;"12-19-2018";"Annual"
1361;2069;"05-17-2019";"Monitoring"
1872;2069;"12-19-2019";"Annual"
338;2356;"04-13-2018";"Monitoring"
822;2356;"11-01-2018";"Annual"
1389;2356;"06-03-2019";"Monitoring"
1759;2356;"10-21-2019";"Annual"
309;2635;"04-05-2018";"Monitoring"
794;2635;"10-22-2018";"Annual"
1274;2635;"05-02-2019";"Monitoring"
1717;2635;"09-25-2019";"Annual"
424;2558;"06-06-2018";"Annual"
1046;2558;"03-05-2019";"Monitoring"
1482;2558;"07-15-2019";"Annual"
1937;2558;"01-27-2020";"Monitoring"
398;2577;"03-13-2018";"Renewal"
585;2577;"08-30-2018";"Monitoring"
1443;2577;"12-18-2018";"Annual"
1725;2577;"05-10-2019";"Monitoring"
1897;2577;"01-14-2020";"Monitoring"
718;2512;"09-27-2018";"Annual"
1293;2512;"05-08-2019";"Monitoring"
1689;2512;"09-18-2019";"Annual"
709;2608;"06-04-2018";"Annual"
1279;2608;"03-01-2019";"Monitoring"
1431;2608;"05-06-2019";"Annual"
297;2566;"02-16-2018";"Renewal"
530;2566;"08-06-2018";"Monitoring"
1091;2566;"03-18-2019";"Annual"
1580;2566;"08-19-2019";"Monitoring"
355;2595;"03-15-2018";"Monitoring"
1094;2595;"03-19-2019";"Annual"
1467;2595;"07-08-2019";"Monitoring"
796;2334;"06-29-2018";"Monitoring"
699;2334;"09-27-2018";"Annual"
1126;2334;"03-22-2019";"Monitoring"
1657;2334;"09-12-2019";"Annual"
251;2289;"01-30-2018";"Renewal"
634;2289;"08-31-2018";"Monitoring"
1048;2289;"02-14-2019";"Annual"
1446;2289;"06-21-2019";"Monitoring"
1923;2289;"01-02-2020";"Annual"
44;2671;"06-21-2018";"Initial"
1472;2671;"07-10-2019";"Monitoring"
1716;2671;"09-19-2019";"Annual"
76;2698;"01-07-2019";"Initial"
1476;2698;"07-11-2019";"Monitoring"
1932;2698;"01-23-2020";"Annual"
956;2269;"06-28-2018";"Monitoring"
840;2269;"11-08-2018";"Annual"
1407;2269;"06-06-2019";"Monitoring"
1782;2269;"10-28-2019";"Annual"
1024;2451;"05-29-2018";"Annual"
998;2451;"02-19-2019";"Monitoring"
1427;2451;"06-14-2019";"Annual"
1904;2451;"01-16-2020";"Monitoring"
133;1745;"09-27-2017";"Renewal"
815;1745;"10-29-2018";"Annual"
1362;1745;"05-22-2019";"Monitoring"
1870;1745;"12-18-2019";"Annual"
1749;2638;"10-10-2009";"Monitoring"
15;2638;"01-11-2018";"Initial"
333;2638;"04-23-2018";"Monitoring"
823;2638;"11-01-2018";"Annual"
1305;2638;"05-10-2019";"Monitoring"
1858;2638;"12-13-2019";"Annual"
676;2300;"04-24-2018";"Monitoring"
677;2300;"09-12-2018";"Annual"
959;2300;"01-25-2019";"Monitoring"
1576;2300;"08-15-2019";"Annual"
1884;2300;"01-02-2020";"Monitoring"
303;2223;"02-14-2018";"Renewal"
568;2223;"08-24-2018";"Monitoring"
1080;2223;"03-14-2019";"Annual"
1565;2223;"08-13-2019";"Monitoring"
147;2771;"07-08-2020";"Initial"
337;2607;"04-25-2018";"Annual"
1026;2607;"02-27-2019";"Monitoring"
1299;2607;"05-09-2019";"Annual"
1746;2607;"10-08-2019";"Monitoring"
313;1749;"04-10-2018";"Monitoring"
375;1749;"05-18-2018";"Annual"
1164;1749;"04-04-2019";"Monitoring"
1283;1749;"05-07-2019";"Annual"
1864;1749;"12-17-2019";"Monitoring"
489;2096;"06-08-2018";"Monitoring"
725;2096;"10-10-2018";"Annual"
1316;2096;"05-14-2019";"Monitoring"
358;1940;"05-08-2018";"Monitoring"
734;1940;"08-23-2018";"Annual"
1307;1940;"05-10-2019";"Monitoring"
1637;1940;"09-09-2019";"Annual"
324;2193;"04-19-2018";"Monitoring"
579;2193;"08-28-2018";"Annual"
1297;2193;"05-09-2019";"Monitoring"
1714;2193;"09-25-2019";"Annual"
1998;2193;"02-14-2020";"Monitoring"
300;2578;"01-29-2018";"Renewal"
1142;2578;"03-28-2019";"Annual"
1527;2578;"07-29-2019";"Monitoring"
230;1858;"01-29-2018";"Renewal"
403;1858;"06-15-2018";"Monitoring"
1067;1858;"03-08-2019";"Annual"
1586;1858;"08-26-2019";"Monitoring"
1938;1858;"01-28-2020";"Annual"
162;2594;"10-03-2017";"Renewal"
386;2594;"05-24-2018";"Monitoring"
853;2594;"11-27-2018";"Annual"
1408;2594;"06-07-2019";"Monitoring"
1787;2594;"11-04-2019";"Annual"
2005;2594;"02-19-2020";"Monitoring"
611;2572;"05-29-2018";"Annual"
917;2572;"01-03-2019";"Monitoring"
1358;2572;"05-21-2019";"Annual"
1796;2572;"11-08-2019";"Monitoring"
26;2652;"03-30-2018";"Initial"
1113;2652;"03-15-2019";"Monitoring"
1264;2652;"04-30-2019";"Annual"
1829;2652;"11-22-2019";"Monitoring"
70;1976;"10-31-2017";"Renewal"
642;1976;"09-17-2018";"Monitoring"
891;1976;"12-10-2018";"Annual"
1685;1976;"09-17-2019";"Monitoring"
1779;1976;"10-30-2019";"Annual"
117;1815;"11-27-2017";"Renewal"
577;1815;"08-27-2018";"Monitoring"
1146;1815;"04-01-2019";"Annual"
1645;1815;"09-10-2019";"Monitoring"
2041;1815;"03-04-2020";"Annual"
326;1951;"04-20-2018";"Monitoring"
810;1951;"10-29-2018";"Annual"
1241;1951;"04-26-2019";"Monitoring"
1732;1951;"10-03-2019";"Annual"
555;1915;"08-21-2018";"Monitoring"
866;1915;"11-29-2018";"Annual"
1272;1915;"05-02-2019";"Monitoring"
323;2282;"04-17-2018";"Monitoring"
744;2282;"09-19-2018";"Annual"
1414;2282;"06-07-2019";"Monitoring"
1596;2282;"08-23-2019";"Annual"
1927;2282;"01-10-2020";"Monitoring"
125;1816;"10-31-2017";"Renewal"
795;1816;"10-22-2018";"Annual"
1406;1816;"06-06-2019";"Monitoring"
1830;1816;"11-26-2019";"Annual"
459;2541;"02-16-2018";"Monitoring"
461;2541;"06-26-2018";"Annual"
918;2541;"12-03-2018";"Monitoring"
1395;2541;"06-04-2019";"Annual"
1953;2541;"01-30-2020";"Monitoring"
80;2699;"02-07-2019";"Initial"
1591;2699;"08-23-2019";"Monitoring"
40;2664;"04-25-2018";"Initial"
818;2664;"10-29-2018";"Monitoring"
1145;2664;"03-29-2019";"Annual"
1842;2664;"12-05-2019";"Monitoring"
237;1929;"11-09-2017";"Renewal"
1063;1929;"03-07-2019";"Monitoring"
1354;1929;"05-21-2019";"Annual"
473;2504;"05-24-2018";"Annual"
783;2504;"09-06-2018";"Monitoring"
1143;2504;"03-29-2019";"Monitoring"
1413;2504;"06-07-2019";"Annual"
311;2500;"02-15-2018";"Monitoring"
928;2500;"06-08-2018";"Annual"
1277;2500;"05-03-2019";"Monitoring"
1483;2500;"07-16-2019";"Annual"
1770;2500;"10-21-2019";"Monitoring"
74;2696;"12-10-2018";"Initial"
1392;2696;"05-29-2019";"Monitoring"
1900;2696;"12-19-2019";"Annual"
149;2169;"12-06-2017";"Renewal"
352;2169;"05-07-2018";"Monitoring"
873;2169;"12-04-2018";"Annual"
1217;2169;"04-23-2019";"Monitoring"
1803;2169;"11-14-2019";"Annual"
2026;2169;"02-25-2020";"Monitoring"
446;1713;"03-08-2018";"Monitoring"
438;1713;"07-13-2018";"Annual"
1115;1713;"03-15-2019";"Monitoring"
1502;1713;"07-23-2019";"Annual"
1882;1713;"01-02-2020";"Monitoring"
108;2359;"11-17-2017";"Renewal"
612;2359;"09-10-2018";"Monitoring"
1369;2359;"05-28-2019";"Monitoring"
1583;2359;"08-20-2019";"Annual"
40;2109;"08-17-2017";"Renewal"
387;2109;"04-19-2018";"Monitoring"
717;2109;"08-28-2018";"Annual"
1213;2109;"04-19-2019";"Monitoring"
1691;2109;"09-18-2019";"Annual"
319;2620;"04-12-2018";"Monitoring"
986;2620;"02-08-2019";"Annual"
1653;2620;"04-28-2019";"Monitoring"
320;2533;"04-12-2018";"Annual"
997;2533;"02-15-2019";"Monitoring"
1681;2533;"04-08-2019";"Annual"
138;1835;"12-01-2017";"Renewal"
389;1835;"05-23-2018";"Monitoring"
919;1835;"01-04-2019";"Annual"
1426;1835;"06-11-2019";"Monitoring"
1816;1835;"11-18-2019";"Annual"
49;2676;"06-20-2018";"Initial"
1245;2676;"04-29-2019";"Monitoring"
1597;2676;"08-29-2019";"Annual"
100;2706;"05-02-2019";"Initial"
1760;2706;"10-15-2019";"Monitoring"
23;1780;"07-18-2017";"Renewal"
464;1780;"04-06-2018";"Monitoring"
687;1780;"09-24-2018";"Annual"
1296;1780;"05-08-2019";"Monitoring"
1558;1780;"08-09-2019";"Annual"
31;2624;"10-05-2017";"Initial"
945;2624;"12-28-2018";"Monitoring"
1203;2624;"04-05-2019";"Annual"
238;1917;"11-28-2017";"Renewal"
436;1917;"07-12-2018";"Monitoring"
950;1917;"01-15-2019";"Annual"
1711;1917;"09-24-2019";"Monitoring"
1879;1917;"12-31-2019";"Annual"
456;1945;"07-09-2018";"Monitoring"
1341;1945;"05-16-2019";"Monitoring"
1636;1945;"09-09-2019";"Annual"
884;1817;"05-10-2018";"Annual"
906;1817;"12-18-2018";"Monitoring"
1384;1817;"05-30-2019";"Annual"
1907;1817;"01-15-2020";"Monitoring"
451;1728;"07-13-2018";"Monitoring"
1041;1728;"03-05-2019";"Annual"
1549;1728;"08-07-2019";"Monitoring"
359;2486;"05-04-2018";"Monitoring"
750;2486;"10-04-2018";"Annual"
1303;2486;"05-10-2019";"Monitoring"
1715;2486;"09-25-2019";"Annual"
185;2434;"11-06-2017";"Renewal"
567;2434;"05-18-2018";"Monitoring"
926;2434;"12-10-2018";"Annual"
1215;2434;"04-22-2019";"Monitoring"
1831;2434;"11-15-2019";"Annual"
554;2414;"05-01-2018";"Annual"
1214;2414;"04-22-2019";"Annual"
1729;2414;"09-30-2019";"Monitoring"
1877;2414;"12-30-2019";"Monitoring"
142;2766;"02-26-2020";"Initial"
486;1909;"05-18-2018";"Monitoring"
857;1909;"11-28-2018";"Annual"
1202;1909;"04-15-2019";"Monitoring"
2059;1909;"10-21-2019";"Annual"
139;2723;"01-14-2020";"Initial"
144;2717;"01-14-2020";"Initial"
246;1714;"12-06-2017";"Renewal"
549;1714;"07-02-2018";"Monitoring"
887;1714;"12-07-2018";"Annual"
1458;1714;"07-05-2019";"Monitoring"
1860;1714;"12-13-2019";"Annual"
336;2576;"04-23-2018";"Annual"
703;2576;"09-27-2018";"Monitoring"
1173;2576;"04-05-2019";"Annual"
1562;2576;"08-12-2019";"Monitoring"
707;1925;"09-21-2018";"Monitoring"
935;1925;"11-30-2018";"Annual"
1450;1925;"06-28-2019";"Monitoring"
1789;1925;"11-01-2019";"Annual"
488;2378;"05-31-2018";"Monitoring"
812;2378;"10-29-2018";"Annual"
1328;2378;"05-15-2019";"Monitoring"
1745;2378;"10-08-2019";"Annual"
212;1740;"01-19-2018";"Renewal"
708;1740;"09-28-2018";"Monitoring"
1092;1740;"03-19-2019";"Annual"
1656;1740;"09-12-2019";"Monitoring"
1918;1740;"01-23-2020";"Annual"
925;1746;"04-20-2018";"Monitoring"
482;1746;"07-27-2018";"Annual"
1225;1746;"04-25-2019";"Monitoring"
1543;1746;"08-05-2019";"Annual"
466;2116;"04-10-2018";"Monitoring"
639;2116;"09-10-2018";"Annual"
1282;2116;"05-06-2019";"Monitoring"
1567;2116;"08-13-2019";"Annual"
1903;2116;"01-16-2020";"Monitoring"
121;2392;"11-16-2017";"Renewal"
947;2392;"12-19-2018";"Monitoring"
1380;2392;"05-21-2019";"Annual"
1832;2392;"11-22-2019";"Annual"
416;1809;"01-23-2018";"Monitoring"
417;1809;"05-01-2018";"Annual"
1070;1809;"03-07-2019";"Monitoring"
1310;1809;"05-09-2019";"Annual"
41;2651;"04-06-2018";"Initial"
889;2651;"11-28-2018";"Monitoring"
1175;2651;"03-26-2019";"Annual"
1827;2651;"11-19-2019";"Monitoring"
410;2231;"01-23-2018";"Monitoring"
350;2231;"05-04-2018";"Annual"
890;2231;"11-28-2018";"Monitoring"
1174;2231;"03-26-2019";"Annual"
1823;2231;"11-19-2019";"Monitoring"
289;2530;"02-16-2018";"Renewal"
644;2530;"09-17-2018";"Monitoring"
961;2530;"01-25-2019";"Annual"
1584;2530;"08-23-2019";"Monitoring"
556;2507;"07-23-2018";"Annual"
1140;2507;"03-22-2019";"Monitoring"
1621;2507;"07-16-2019";"Annual"
1867;2507;"12-13-2019";"Monitoring"
343;2542;"03-13-2018";"Annual"
934;2542;"10-16-2018";"Monitoring"
1110;2542;"03-22-2019";"Annual"
1758;2542;"10-18-2019";"Monitoring"
92;2721;"04-23-2019";"Initial"
1778;2721;"10-23-2019";"Monitoring"
507;2108;"05-14-2018";"Monitoring"
685;2108;"09-21-2018";"Annual"
994;2108;"02-14-2019";"Monitoring"
1492;2108;"07-18-2019";"Annual"
163;2140;"11-08-2017";"Renewal"
443;2140;"05-14-2018";"Monitoring"
993;2140;"02-14-2019";"Annual"
1491;2140;"07-18-2019";"Monitoring"
2068;2140;"03-10-2020";"Annual"
310;2661;"01-25-2018";"Renewal"
558;2661;"07-20-2018";"Monitoring"
1102;2661;"03-19-2019";"Annual"
1466;2661;"07-08-2019";"Monitoring"
1766;2661;"10-18-2019";"Monitoring"
571;2110;"04-19-2018";"Renewal"
1201;2110;"04-05-2019";"Monitoring"
1632;2110;"09-04-2019";"Annual"
390;1982;"05-29-2018";"Annual"
1350;1982;"05-20-2019";"Annual"
1619;1982;"09-05-2019";"Monitoring"
107;1797;"11-20-2017";"Renewal"
564;1797;"08-24-2018";"Monitoring"
1236;1797;"04-25-2019";"Annual"
1646;1797;"09-09-2019";"Monitoring"
479;2548;"07-13-2018";"Annual"
1079;2548;"01-31-2019";"Monitoring"
1385;2548;"05-31-2019";"Annual"
2046;2548;"03-05-2020";"Monitoring"
480;2544;"06-15-2018";"Annual"
814;2544;"10-30-2018";"Monitoring"
1402;2544;"06-05-2019";"Annual"
1969;2544;"02-03-2020";"Monitoring"
62;1755;"10-27-2017";"Renewal"
811;1755;"10-29-2018";"Monitoring"
872;1755;"12-03-2018";"Annual"
1322;1755;"05-15-2019";"Monitoring"
1768;1755;"10-23-2019";"Annual"
329;1833;"04-23-2018";"Monitoring"
587;1833;"08-30-2018";"Annual"
1340;1833;"05-16-2019";"Monitoring"
1651;1833;"09-11-2019";"Annual"
520;1937;"02-01-2018";"Monitoring"
733;1937;"09-28-2018";"Annual"
1075;1937;"03-13-2019";"Monitoring"
1447;1937;"07-05-2019";"Annual"
1946;1937;"01-29-2020";"Monitoring"
292;1723;"01-19-2018";"Renewal"
1181;1723;"04-04-2019";"Annual"
1655;1723;"09-11-2019";"Monitoring"
2080;1723;"03-12-2020";"Annual"
46;2673;"06-28-2018";"Initial"
927;2673;"12-11-2018";"Monitoring"
1311;2673;"05-06-2019";"Annual"
385;2437;"05-24-2018";"Annual"
1051;2437;"02-07-2019";"Monitoring"
1409;2437;"06-07-2019";"Annual"
134;2760;"12-23-2019";"Initial"
293;1762;"02-09-2018";"Renewal"
1035;1762;"03-04-2019";"Monitoring"
1422;1762;"06-10-2019";"Annual"
1940;1762;"01-28-2020";"Monitoring"
924;2582;"09-06-2018";"Annual"
1378;2582;"05-30-2019";"Monitoring"
1614;2582;"09-04-2019";"Annual"
723;1878;"06-22-2018";"Monitoring"
724;1878;"10-10-2018";"Annual"
1400;1878;"06-04-2019";"Monitoring"
1773;1878;"10-24-2019";"Annual"
2;2618;"08-07-2017";"Initial"
409;2618;"06-22-2018";"Annual"
1155;2618;"04-02-2019";"Monitoring"
1500;2618;"07-23-2019";"Annual"
1931;2618;"01-24-2020";"Monitoring"
104;2729;"06-24-2019";"Initial"
240;1810;"12-04-2017";"Renewal"
782;1810;"10-15-2018";"Monitoring"
895;1810;"12-13-2018";"Annual"
1589;1810;"08-27-2019";"Monitoring"
1852;1810;"12-10-2019";"Annual"
204;2352;"11-14-2017";"Renewal"
879;2352;"12-03-2018";"Monitoring"
1494;2352;"07-19-2019";"Annual"
16;2632;"11-30-2017";"Initial"
741;2632;"07-02-2018";"Monitoring"
1050;2632;"02-27-2019";"Annual"
1411;2632;"06-07-2019";"Monitoring"
1857;2632;"12-11-2019";"Annual"
269;1866;"02-20-2018";"Renewal"
702;1866;"09-18-2018";"Monitoring"
1154;1866;"04-02-2019";"Annual"
1635;1866;"09-09-2019";"Monitoring"
449;1861;"04-26-2018";"Annual"
1211;1861;"04-19-2019";"Annual"
1679;1861;"09-16-2019";"Monitoring"
546;1777;"01-08-2018";"Monitoring"
347;1777;"04-30-2018";"Annual"
1117;1777;"03-18-2019";"Monitoring"
1240;1777;"04-15-2019";"Annual"
1845;1777;"12-04-2019";"Monitoring"
266;2256;"12-07-2017";"Renewal"
623;2256;"09-14-2018";"Monitoring"
1022;2256;"02-27-2019";"Annual"
1473;2256;"07-11-2019";"Monitoring"
314;1760;"02-12-2018";"Monitoring"
442;1760;"07-19-2018";"Annual"
1161;1760;"04-04-2019";"Monitoring"
1441;1760;"06-26-2019";"Annual"
1863;1760;"12-17-2019";"Monitoring"
91;2125;"10-05-2017";"Renewal"
753;2125;"10-04-2018";"Annual"
1235;2125;"04-23-2019";"Monitoring"
1780;2125;"10-29-2019";"Annual"
284;1890;"03-16-2018";"Annual"
610;1890;"09-10-2018";"Monitoring"
1193;1890;"04-15-2019";"Annual"
1630;1890;"09-13-2019";"Monitoring"
1982;1890;"02-07-2020";"Monitoring"
515;2165;"11-17-2017";"Monitoring"
706;2165;"09-26-2018";"Annual"
1230;2165;"04-26-2019";"Annual"
1705;2165;"09-23-2019";"Monitoring"
60;1819;"10-25-2017";"Renewal"
847;1819;"11-13-2018";"Annual"
1337;1819;"05-16-2019";"Monitoring"
1844;1819;"12-05-2019";"Annual"
249;2257;"01-12-2018";"Renewal"
852;2257;"08-21-2018";"Monitoring"
970;2257;"02-01-2019";"Annual"
1585;2257;"08-23-2019";"Monitoring"
1909;2257;"01-16-2020";"Annual"
472;1957;"02-23-2018";"Annual"
1009;1957;"02-25-2019";"Annual"
1599;1957;"08-29-2019";"Monitoring"
61;2677;"08-31-2018";"Initial"
1298;2677;"05-09-2019";"Annual"
1710;2677;"09-24-2019";"Monitoring"
478;1750;"06-21-2018";"Annual"
1163;1750;"03-13-2019";"Monitoring"
1394;1750;"06-04-2019";"Annual"
1976;1750;"02-06-2020";"Monitoring"
180;2091;"10-16-2017";"Renewal"
505;2091;"05-01-2018";"Monitoring"
899;2091;"12-14-2018";"Annual"
1506;2091;"07-22-2019";"Monitoring"
1839;2091;"11-26-2019";"Annual"
35;2659;"04-09-2018";"Initial"
779;2659;"10-12-2018";"Monitoring"
990;2659;"02-04-2019";"Annual"
119;2744;"08-02-2019";"Initial"
1890;2744;"01-09-2020";"Monitoring"
232;1875;"11-14-2017";"Renewal"
681;1875;"09-25-2018";"Monitoring"
976;1875;"02-04-2019";"Annual"
1648;1875;"09-11-2019";"Monitoring"
1843;1875;"12-05-2019";"Annual"
100;1960;"11-16-2017";"Renewal"
539;1960;"08-09-2018";"Monitoring"
1138;1960;"03-28-2019";"Annual"
1628;1960;"09-06-2019";"Monitoring"
353;2220;"04-13-2018";"Annual"
835;2220;"11-05-2018";"Monitoring"
1212;2220;"04-19-2019";"Annual"
1920;2220;"01-17-2020";"Monitoring"
660;2524;"08-09-2018";"Annual"
1012;2524;"02-26-2019";"Monitoring"
1425;2524;"06-11-2019";"Annual"
1942;2524;"01-29-2020";"Monitoring"
435;2514;"06-01-2018";"Monitoring"
820;2514;"11-01-2018";"Annual"
1419;2514;"06-10-2019";"Monitoring"
1753;2514;"10-15-2019";"Annual"
373;1776;"05-09-2018";"Monitoring"
494;1776;"07-26-2018";"Annual"
1045;1776;"02-28-2019";"Monitoring"
1405;1776;"06-06-2019";"Annual"
327;2621;"03-15-2018";"Monitoring"
646;2621;"09-11-2018";"Annual"
1352;2621;"05-20-2019";"Monitoring"
1509;2621;"07-25-2019";"Annual"
420;2623;"05-09-2018";"Monitoring"
731;2623;"09-28-2018";"Annual"
1331;2623;"05-15-2019";"Monitoring"
1600;2623;"08-29-2019";"Annual"
279;1845;"02-01-2018";"Renewal"
958;1845;"08-14-2018";"Monitoring"
1037;1845;"03-04-2019";"Annual"
1731;1845;"09-27-2019";"Monitoring"
514;2151;"07-20-2018";"Annual"
1076;2151;"03-14-2019";"Monitoring"
1665;2151;"09-13-2019";"Annual"
483;1843;"07-17-2018";"Monitoring"
952;1843;"01-10-2019";"Annual"
1469;1843;"07-09-2019";"Monitoring"
112;1969;"11-21-2017";"Renewal"
730;1969;"09-27-2018";"Annual"
1227;1969;"04-25-2019";"Monitoring"
1633;1969;"09-09-2019";"Annual"
84;2707;"03-27-2019";"Initial"
1620;2707;"09-05-2019";"Monitoring"
726;1726;"09-28-2018";"Annual"
1336;1726;"05-16-2019";"Monitoring"
1643;1726;"09-10-2019";"Annual"
27;2656;"03-27-2018";"Initial"
772;2656;"10-10-2018";"Monitoring"
1176;2656;"03-08-2019";"Annual"
1933;2656;"10-08-2019";"Monitoring"
727;2159;"09-27-2018";"Annual"
1382;2159;"05-29-2019";"Monitoring"
1704;2159;"09-20-2019";"Annual"
137;2219;"12-01-2017";"Renewal"
501;2219;"07-16-2018";"Monitoring"
1016;2219;"02-26-2019";"Annual"
1588;2219;"08-26-2019";"Monitoring"
132;2128;"11-30-2017";"Renewal"
582;2128;"08-29-2018";"Monitoring"
1025;2128;"02-27-2019";"Annual"
1497;2128;"07-19-2019";"Monitoring"
228;2234;"01-26-2018";"Renewal"
728;2234;"09-28-2018";"Monitoring"
1343;2234;"05-17-2019";"Annual"
1536;2234;"08-01-2019";"Monitoring"
127;2753;"09-27-2019";"Initial"
1981;2753;"02-06-2020";"Monitoring"
154;2173;"12-06-2017";"Renewal"
629;2173;"08-31-2018";"Monitoring"
1020;2173;"01-17-2019";"Annual"
1456;2173;"06-18-2019";"Monitoring"
1960;2173;"01-21-2020";"Annual"
305;1997;"01-12-2018";"Renewal"
667;1997;"09-04-2018";"Annual"
1222;1997;"04-10-2019";"Monitoring"
1550;1997;"08-07-2019";"Annual"
1915;1997;"01-22-2020";"Monitoring"
666;2043;"08-28-2018";"Monitoring"
1047;2043;"03-05-2019";"Annual"
1505;2043;"07-23-2019";"Monitoring"
397;2158;"06-06-2018";"Monitoring"
773;2158;"10-12-2018";"Annual"
1403;2158;"06-06-2019";"Monitoring"
1743;2158;"10-08-2019";"Annual"
77;2701;"01-29-2019";"Initial"
1647;2701;"06-19-2019";"Monitoring"
1975;2701;"01-27-2020";"Annual"
38;2045;"10-11-2017";"Renewal"
714;2045;"09-20-2018";"Monitoring"
940;2045;"10-22-2018";"Annual"
1367;2045;"05-24-2019";"Monitoring"
1736;2045;"10-03-2019";"Annual"
81;2700;"03-05-2019";"Initial"
1568;2700;"08-12-2019";"Monitoring"
226;2221;"01-25-2018";"Renewal"
538;2221;"08-08-2018";"Monitoring"
933;2221;"01-11-2019";"Annual"
1493;2221;"07-19-2019";"Monitoring"
597;2551;"08-07-2018";"Monitoring"
630;2551;"09-10-2018";"Annual"
1055;2551;"02-27-2019";"Monitoring"
1660;2551;"09-12-2019";"Annual"
1954;2551;"01-30-2020";"Monitoring"
122;2731;"08-16-2019";"Initial"
122;2215;"10-26-2017";"Renewal"
537;2215;"08-07-2018";"Monitoring"
1172;2215;"04-05-2019";"Annual"
1488;2215;"07-16-2019";"Monitoring"
129;2010;"11-20-2017";"Renewal"
349;2010;"05-03-2018";"Monitoring"
826;2010;"10-30-2018";"Annual"
1480;2010;"07-12-2019";"Monitoring"
1799;2010;"11-08-2019";"Annual"
344;2112;"04-30-2018";"Annual"
1218;2112;"04-23-2019";"Annual"
1671;2112;"09-09-2019";"Monitoring"
56;2680;"06-04-2018";"Initial"
1139;2680;"03-27-2019";"Monitoring"
1539;2680;"08-02-2019";"Annual"
1987;2680;"02-11-2020";"Monitoring"
278;1793;"03-13-2018";"Annual"
622;1793;"09-14-2018";"Monitoring"
1081;1793;"03-15-2019";"Annual"
1541;1793;"08-05-2019";"Monitoring"
2036;1793;"03-03-2020";"Renewal"
52;2679;"08-01-2018";"Initial"
1223;2679;"04-24-2019";"Monitoring"
1605;2679;"08-30-2019";"Annual"
584;2258;"08-06-2018";"Annual"
1015;2258;"02-26-2019";"Monitoring"
1626;2258;"09-06-2019";"Annual"
288;1736;"02-08-2018";"Annual"
710;1736;"09-17-2018";"Monitoring"
960;1736;"01-25-2019";"Annual"
1538;1736;"08-02-2019";"Monitoring"
1986;1736;"02-11-2020";"Renewal"
275;1898;"03-12-2018";"Annual"
601;1898;"09-07-2018";"Monitoring"
1100;1898;"03-21-2019";"Annual"
1531;1898;"07-31-2019";"Monitoring"
2040;1898;"03-04-2020";"Renewal"
136;2762;"01-15-2020";"Initial"
58;2684;"08-17-2018";"Initial"
1207;2684;"04-10-2019";"Monitoring"
1702;2684;"09-17-2019";"Annual"
63;2689;"09-14-2018";"Initial"
1209;2689;"04-08-2019";"Monitoring"
1634;2689;"09-03-2019";"Annual"
1856;2689;"12-10-2019";"Annual"
296;1986;"03-16-2018";"Renewal"
668;1986;"09-14-2018";"Monitoring"
1360;1986;"05-22-2019";"Annual"
1649;1986;"09-11-2019";"Monitoring"
298;2085;"03-16-2018";"Renewal"
669;2085;"09-14-2018";"Monitoring"
1359;2085;"05-22-2019";"Annual"
1650;2085;"09-11-2019";"Monitoring"
132;2752;"09-11-2019";"Initial"
110;1863;"11-20-2017";"Renewal"
606;1863;"09-07-2018";"Monitoring"
893;1863;"12-11-2018";"Annual"
1623;1863;"09-05-2019";"Monitoring"
1838;1863;"12-02-2019";"Annual"
813;2562;"04-02-2018";"Monitoring"
885;2562;"06-26-2018";"Annual"
1373;2562;"05-29-2019";"Monitoring"
1593;2562;"08-28-2019";"Annual"
441;2195;"04-10-2018";"Annual"
1162;2195;"04-04-2019";"Annual"
1664;2195;"09-13-2019";"Monitoring"
47;2666;"05-24-2018";"Initial"
1248;2666;"04-29-2019";"Monitoring"
1708;2666;"09-23-2019";"Annual"
304;1798;"11-22-2017";"Renewal"
1451;1798;"09-13-2018";"Monitoring"
953;1798;"01-18-2019";"Annual"
1694;1798;"09-18-2019";"Monitoring"
1972;1798;"02-04-2020";"Annual"
388;2003;"03-06-2018";"Annual"
860;2003;"11-28-2018";"Monitoring"
1148;2003;"04-01-2019";"Annual"
1763;2003;"10-21-2019";"Monitoring"
214;1943;"12-15-2017";"Renewal"
701;1943;"09-27-2018";"Monitoring"
1363;1943;"05-23-2019";"Monitoring"
1718;1943;"09-26-2019";"Annual"
525;2288;"07-09-2018";"Monitoring"
716;2288;"09-28-2018";"Annual"
1309;2288;"05-09-2019";"Monitoring"
1595;2288;"08-27-2019";"Annual"
